<?xml version="1.0"?>
<views>
  <view name="Enemies">
    <category name="Classic Enemies">
	<attach sprite="20-21"/> <!-- Goombas -->
      <attach sprite="200"/> <!-- Goomba Mini -->
      <attach sprite="198-199"/> <!-- Goomba Big -->
      <attach sprite="170"/> <!-- Goomba Chestnut -->
	<attach sprite="57-58"/> <!-- Koopas -->
	<attach sprite="24"/> <!-- Buzzy -->
	<attach sprite="60"/> <!-- Spike Buzzy -->
      <attach sprite="296"/> <!-- Giant Buzzy -->
	<attach sprite="25-26"/> <!-- Spinys -->
	<attach sprite="80"/> <!-- FBrother -->
	<attach sprite="94"/> <!-- BBrother -->
	<attach sprite="95"/> <!-- HBrother -->
      <attach sprite="308"/> <!-- HBrother2 -->
      <attach sprite="272"/> <!-- IBrother -->
      <attach sprite="120"/> <!-- BigBrother -->
	<attach sprite="65-68"/> <!-- Pplant -->
	<attach sprite="69-72"/> <!-- Fplant -->
	<attach sprite="73-76"/> <!-- Gplant -->
      <attach sprite="264"/> <!-- Cplant -->
      <attach sprite="263"/> <!-- Wplant -->
      <attach sprite="342"/> <!-- Bplant -->
	<attach sprite="92-93"/> <!-- Bullet Bill -->
      <attach sprite="338"/> <!-- Bullet Bill2 -->
      <attach sprite="136"/> <!-- Bullet Bill3 -->
      <attach sprite="418"/> <!-- Bullet Bill4 -->
      <attach sprite="215"/> <!-- Loose Bullet Bill Gen -->
      <attach sprite="326"/> <!-- King Bill -->
	<attach sprite="99"/> <!-- Pipe Enemy -->
    </category>
    <category name="Overworld and Skies">
      <attach sprite="130"/> <!-- Wiggler -->
      <attach sprite="240"/> <!-- Wiggler Big -->
      <attach sprite="230"/> <!-- Bramball -->
      <attach sprite="303"/> <!-- Mole -->
      <attach sprite="195"/> <!-- Crab -->
      <attach sprite="238"/> <!-- Foo -->
      <attach sprite="369"/> <!-- Penguin -->
      <attach sprite="384"/> <!-- Penguin Gen -->
      <attach sprite="146"/> <!-- Chain Chomp -->
      <attach sprite="177"/> <!-- Fire Chomp -->
      <attach sprite="217"/> <!-- Fire Chomp Spawn -->
	<attach sprite="54"/> <!-- Lakitu -->
      <attach sprite="124"/> <!-- Lakitu Spawn -->
      <attach sprite="370"/> <!-- Lakitu Block -->
      <attach sprite="104"/> <!-- Amp -->
      <attach sprite="108"/> <!-- Line Amp Gen -->
      <attach sprite="343"/> <!-- Line Fuzzy -->
      <attach sprite="224"/> <!-- Ray -->
      <attach sprite="235"/> <!-- Ray Spawn -->
      <attach sprite="291-292"/> <!-- Parabeetle -->
    </category>
    <category name="Desert and Underground">
      <attach sprite="105"/> <!-- Pokey -->
      <attach sprite="158"/> <!-- Fire Snake -->
      <attach sprite="414"/> <!-- Gabon -->
	<attach sprite="24"/> <!-- Buzzy -->
	<attach sprite="60"/> <!-- Spike Buzzy -->
	<attach sprite="25-26"/> <!-- Spinys -->
	<attach sprite="100"/> <!-- Swooper -->
    </category>
    <category name="Water">
      <attach sprite="138"/> <!-- Water -->
      <attach sprite="317"/> <!-- Water Controller -->
      <attach sprite="263"/> <!-- Wplant -->
      <attach sprite="115"/> <!-- Cheep-1 -->
      <attach sprite="116"/> <!-- Cheep-2? -->
      <attach sprite="334"/> <!-- Cheep-Big -->
      <attach sprite="335"/> <!-- Cheep-School -->
      <attach sprite="220"/> <!-- Cheep-Spawn -->
      <attach sprite="395"/> <!-- Cheep-Chase -->
      <attach sprite="181"/> <!-- Jumping Cheep Spawn -->
      <attach sprite="196"/> <!-- Fishbones -->
      <attach sprite="180"/> <!-- Cheep Chomp -->
      <attach sprite="151"/> <!-- Bertha -->
      <attach sprite="154"/> <!-- Bertha Spawn -->
      <attach sprite="233"/> <!-- Bulber -->
      <attach sprite="258"/> <!-- Bulber Spawn -->
	<attach sprite="425"/> <!-- Jellybeam -->
      <attach sprite="193-194"/> <!-- Urchin -->
      <attach sprite="111-112"/> <!-- Bloopers -->
      <attach sprite="197"/> <!-- Clam -->
    </category>
    <category name="Castle and Volcano">
	<attach sprite="46"/> <!-- Podobo -->
      <attach sprite="118-119"/> <!-- Bones -->
      <attach sprite="101"/> <!-- BobOmb -->
	<attach sprite="47-48"/> <!-- Thwomp -->
      <attach sprite="414"/> <!-- Gabon -->
      <attach sprite="293"/> <!-- Volcano Rock Spawn -->
	<attach sprite="63"/> <!-- Spike Ball -->
	<attach sprite="98"/> <!-- Big Spike Ball -->
      <attach sprite="204"/> <!-- Spike Ball Gen -->
      <attach sprite="109"/> <!-- Spike Ball on Chain -->
	<attach sprite="62"/> <!-- Firebar -->
      <attach sprite="394"/> <!-- Lemmy Ball -->
      <attach sprite="413"/> <!-- Wendy Ring -->
    </category>
    <category name="Ghost House">
      <attach sprite="131"/> <!-- Boo -->
	<attach sprite="61"/> <!-- Big Boo -->
      <attach sprite="323"/> <!-- Boo Circle -->
      <attach sprite="102"/> <!-- Broozer -->
      <attach sprite="134"/> <!-- Purple Crow -->
      <attach sprite="262"/> <!-- Poltergeist -->
      <attach sprite="271"/> <!-- Mouser -->
	<attach sprite="451"/> <!-- Mouser Despawn -->
    </category>
    <category name="Doomship">
      <attach sprite="232"/> <!-- Mecha -->
      <attach sprite="101"/> <!-- BobOmb -->
      <attach sprite="269-270"/> <!-- ParaOmb -->
      <attach sprite="352"/> <!-- Wrenches -->
	<attach sprite="476"/> <!-- Loose Wrench -->
      <attach sprite="114"/> <!-- 'Flame Cannon1' -->
      <attach sprite="117"/> <!-- 'Flame Cannon2' -->
      <attach sprite="304"/> <!-- 'Flame Cannon3' -->
      <attach sprite="309"/> <!-- 'Flame Cannon4' -->
      <attach sprite="307"/> <!-- 'Flame Cannon4' Sync -->
      <attach sprite="298-301"/> <!-- Cannons -->
    </category>
    <category name="Spawners">
	<attach sprite="99"/> <!-- Pipe Enemy -->
      <attach sprite="220"/> <!-- Cheep-Spawn -->
      <attach sprite="181"/> <!-- Jumping Cheep Spawn -->
      <attach sprite="154"/> <!-- Bertha Spawn -->
      <attach sprite="258"/> <!-- Bulber Spawn -->
      <attach sprite="204"/> <!-- Spike Ball Gen -->
      <attach sprite="215"/> <!-- Loose Bullet Bill Gen -->
      <attach sprite="270"/> <!-- Para-bomb Spawn -->
      <attach sprite="124"/> <!-- Lakitu Spawn -->
      <attach sprite="217"/> <!-- Fire Chomp Spawn -->
      <attach sprite="235"/> <!-- Ray Spawn -->
      <attach sprite="108"/> <!-- Line Amp Gen -->
      <attach sprite="293"/> <!-- Volcano Rock Spawn -->
	<attach sprite="426"/> <!-- Fireball Spawn -->
      <attach sprite="392"/> <!-- Magic Fireball Spawn -->
	<attach sprite="449"/> <!-- Bowser Fireball Spawn -->
      <attach sprite="318"/> <!-- Wood/Metal Box Gen -->
	<attach sprite="472"/> <!-- Ice Flow Gen -->
    </category>
    <category name="Giant">
      <attach sprite="198-199"/> <!-- Goomba -->
      <attach sprite="296"/> <!-- Buzzy -->
      <attach sprite="120"/> <!-- Brother -->
      <attach sprite="240"/> <!-- Wiggler -->
      <attach sprite="326"/> <!-- Bullet Bill -->
      <attach sprite="119"/> <!-- Bones -->
	<attach sprite="48"/> <!-- Thwomp -->
	<attach sprite="98"/> <!-- Spike Ball -->
	<attach sprite="61"/> <!-- Boo -->
      <attach sprite="334"/> <!-- Cheep -->
      <attach sprite="180"/> <!-- Cheep Chomp -->
      <attach sprite="194"/> <!-- Urchin -->
      <attach sprite="292"/> <!-- Parabeetle -->
      <attach sprite="343"/> <!-- Line Fuzzy -->
    </category>
    <category name="Special and Other">
      <attach sprite="125-126"/> <!-- Chain Koopa -->
      <attach sprite="108"/> <!-- Line Amp Gen -->
      <attach sprite="343"/> <!-- Line Fuzzy -->
      <attach sprite="189"/> <!-- Larry -->
      <attach sprite="347"/> <!-- Roy -->
      <attach sprite="340"/> <!-- Lemmy -->
      <attach sprite="336"/> <!-- Wendy -->
      <attach sprite="337"/> <!-- Iggy -->
      <attach sprite="344"/> <!-- Morton -->
      <attach sprite="348"/> <!-- Ludwig -->
	<attach sprite="427"/> <!-- Kamek -->
      <attach sprite="419"/> <!-- Bowser -->
	<attach sprite="439"/> <!-- Fake Peach -->
	<attach sprite="445"/> <!-- Real Peach -->
    </category>
  </view>
  <view name="Platforms and Hazards">
    <category name="Basic Platforms - Flat">
	<attach sprite="23"/> <!-- HMove -->
	<attach sprite="31"/> <!-- VMove -->
	<attach sprite="50"/> <!-- TouchFall -->
      <attach sprite="122"/> <!-- 1-Way -->
      <attach sprite="103"/> <!-- Gen -->
      <attach sprite="129"/> <!-- 4-Plat -->
      <attach sprite="178"/> <!-- Scale -->
      <attach sprite="396"/> <!-- Enemy Count -->
	<attach sprite="441"/> <!-- Mush Reg -->
      <attach sprite="228"/> <!-- Mush Stretch -->
    </category>
    <category name="Basic Platforms - Blocks">
	<attach sprite="27-28"/> <!-- Stone Block -->
      <attach sprite="356"/> <!-- Brown Tower -->
	<attach sprite="30"/> <!-- Stone Tower -->
	<attach sprite="81-86"/> <!-- Stone Tower Spiked -->
      <attach sprite="354"/> <!-- Brown Tower Two-Way -->
      <attach sprite="260"/> <!-- Stone Tower Two-Way -->
      <attach sprite="257"/> <!-- TouchMove Metal -->
      <attach sprite="397"/> <!-- TouchMove Ghost -->
	<attach sprite="466"/> <!-- Lava Block -->
	<attach sprite="467"/> <!-- Light Gem Block -->
	<attach sprite="462"/> <!-- Huge Spiked Block -->
    </category>
    <category name="Wiimote Platforms">
	<attach sprite="51"/> <!-- Tilt -->
      <attach sprite="190"/> <!-- Tilt2 -->
	<attach sprite="59"/> <!-- Line Tilt -->
	<attach sprite="56"/> <!-- Rising -->
      <attach sprite="281"/> <!-- Rising Controller -->
      <attach sprite="267"/> <!-- Chain Grate -->
      <attach sprite="187"/> <!-- Player Block -->
      <attach sprite="333"/> <!-- Line Player Plat -->
    </category>
    <category name="Uses Line Objects">
      <attach sprite="106"/> <!-- Line Plat -->
	<attach sprite="59"/> <!-- Line Tilt Plat -->
      <attach sprite="327"/> <!-- Line Bolt Plat -->
      <attach sprite="367"/> <!-- Line Pink Block -->
      <attach sprite="333"/> <!-- Line Player Plat -->
      <attach sprite="108"/> <!-- Line Amp Gen -->
      <attach sprite="297"/> <!-- Line Coaster -->
      <attach sprite="236"/> <!-- Use Lines -->
      <attach sprite="155"/> <!-- Line StarCoin -->
      <attach sprite="402"/> <!-- Line ? -->
      <attach sprite="403"/> <!-- Line Brick -->
      <attach sprite="343"/> <!-- Line Fuzzy -->
    </category>
    <category name="Rotation Controlled">
      <attach sprite="96"/> <!-- Swaying -->
      <attach sprite="149"/> <!-- Spinning -->
      <attach sprite="253"/> <!-- Rotate Coin -->
      <attach sprite="255"/> <!-- Rotate ? -->
      <attach sprite="256"/> <!-- Rotate Brick -->
      <attach sprite="361"/> <!-- Crystal Block -->
      <attach sprite="362"/> <!-- Colored Box -->
      <attach sprite="366"/> <!-- Red/Green -->
      <attach sprite="346"/> <!-- Hanging Chain Plat -->
	<attach sprite="438"/> <!-- Cage Blocks -->
	<attach sprite="455"/> <!-- Sledge Block -->
      <attach sprite="331"/> <!-- Dish Plat -->
	<attach sprite="457"/> <!-- 4-Thin Bar -->
	<attach sprite="458"/> <!-- Thick Bar -->
      <attach sprite="306"/> <!-- Spotlight -->
      <attach sprite="305"/> <!-- Light Circle -->
      <attach sprite="259"/> <!-- Door -->
      <attach sprite="182"/> <!-- Event Door -->
      <attach sprite="276-278"/> <!-- Doors -->
	<attach sprite="452"/> <!-- Bowser Door -->
      <attach sprite="252"/> <!-- Odd Block -->
      <attach sprite="254"/> <!-- Rotate Pipe -->
    </category>
    <category name="Movement Controlled">
      <attach sprite="147"/> <!-- Coin -->
      <attach sprite="207-209"/> <!-- Blocks -->
      <attach sprite="221"/> <!-- Invis -->
	<attach sprite="474"/> <!-- Dancing Coin/Block -->
      <attach sprite="205"/> <!-- Float Bubble -->
      <attach sprite="226"/> <!-- Float Bubble2 -->
      <attach sprite="172"/> <!-- Mush Bolt -->
      <attach sprite="382"/> <!-- Mush Bolt Pair -->
      <attach sprite="260"/> <!-- Two-Way -->
      <attach sprite="354"/> <!-- Two-Way Brown Tower -->
      <attach sprite="261"/> <!-- Two-Way Stone Tower -->
	<attach sprite="460"/> <!-- Two-Way Gear Block -->
      <attach sprite="159"/> <!-- Rails -->
      <attach sprite="166"/> <!-- Block Train -->
      <attach sprite="214"/> <!-- Ghost FreeFall -->
      <attach sprite="305"/> <!-- Light Circle -->
      <attach sprite="420"/> <!-- Giant Glow Block -->
	<attach sprite="474"/> <!-- Ice Flow -->
	<attach sprite="473"/> <!-- Ice Flow -->
      <attach sprite="368"/> <!-- Nice Boat -->
      <attach sprite="373"/> <!-- Rail Water? -->
	<attach sprite="91"/> <!-- Auto Scroller -->
    </category>
    <category name="Movement Synced">
      <attach sprite="212"/> <!-- Rolling -->
      <attach sprite="371"/> <!-- Rolling Coin -->
      <attach sprite="219"/> <!-- Stretching -->
      <attach sprite="312"/> <!-- Stretching Sync -->
      <attach sprite="231"/> <!-- Mush Wiggling -->
      <attach sprite="313"/> <!-- Mush Wiggling Sync -->
      <attach sprite="309"/> <!-- Flame Cannon -->
      <attach sprite="307"/> <!-- Flame Cannon Sync -->
      <attach sprite="315"/> <!-- Bolt -->
      <attach sprite="316"/> <!-- Bolt Block -->
	<attach sprite="469"/> <!-- Bolt Ship Platform -->
	<attach sprite="470"/> <!-- Bolt Ship Wire -->
      <attach sprite="390"/> <!-- Bolt Coin -->
      <attach sprite="389"/> <!-- Bolt StarCoin -->
    </category>
    <category name="Environmental Hazards - General">
      <attach sprite="212"/> <!-- Rolling Normal -->
      <attach sprite="355"/> <!-- Rolling 1-Pipe -->
      <attach sprite="360"/> <!-- Rolling 8-Pipe -->
      <attach sprite="53"/> <!-- Quicksand -->
      <attach sprite="229"/> <!-- Sand Pillar -->
      <attach sprite="234"/> <!-- Thick Cloud -->
	<attach sprite="446"/> <!-- Light Cloud -->
	<attach sprite="78"/> <!-- Bounce Cloud -->
      <attach sprite="223"/> <!-- Bounce Block -->
      <attach sprite="388"/> <!-- Barrel -->
      <attach sprite="288"/> <!-- Rolling Barrel -->
      <attach sprite="219"/> <!-- Stretching -->
      <attach sprite="242"/> <!-- Ledge Bar -->
	<attach sprite="471"/> <!-- Pot Platform -->
      <attach sprite="201"/> <!-- Icicle -->
      <attach sprite="265"/> <!-- Falling Icicle -->
      <attach sprite="311"/> <!-- Giant Falling Icicle -->
      <attach sprite="385"/> <!-- Grabbable Ice Block -->
      <attach sprite="280"/> <!-- Giant Ice Block -->
      <attach sprite="294"/> <!-- Ice Cube -->
	<attach sprite="480"/> <!-- Med Spike Pillar -->
      <attach sprite="137"/> <!-- Spike Pillar -->
      <attach sprite="140-142"/> <!-- Spike Pillar -->
      <attach sprite="398"/> <!-- Gigantic Spike -->
      <attach sprite="400-401"/> <!-- Gigantic Spike -->
      <attach sprite="404"/> <!-- Gigantic Spike -->
      <attach sprite="222"/> <!-- Conveyor Spike -->
      <attach sprite="123"/> <!-- Old Swing -->
      <attach sprite="174"/> <!-- 1-Way Gate -->
    </category>
    <category name="Environmental Hazards - Water Based">
      <attach sprite="138"/> <!-- Water -->
      <attach sprite="317"/> <!-- Bubble Controller -->
      <attach sprite="216"/> <!-- Poison Water -->
      <attach sprite="275"/> <!-- 5-Enemy Raft -->
      <attach sprite="161"/> <!-- Pipe Bubbles -->
      <attach sprite="145"/> <!-- Float Barrel -->
      <attach sprite="173"/> <!-- Float Log -->
      <attach sprite="205"/> <!-- Float Bubble -->
      <attach sprite="226"/> <!-- Float Bubble2 -->
    </category>
    <category name="Environmental Hazards - Lava and Airship">
      <attach sprite="139"/> <!-- Lava -->
      <attach sprite="358"/> <!-- Lava Particle -->
      <attach sprite="268"/> <!-- Lava Geyser -->
      <attach sprite="135"/> <!-- TouchFall Chained Plat -->
      <attach sprite="133"/> <!-- Teetering Rock Plat -->
      <attach sprite="293"/> <!-- Volcano Rock -->
	<attach sprite="426"/> <!-- Fireball Spawn -->
      <attach sprite="392"/> <!-- Magic Fireball Spawn -->
	<attach sprite="449"/> <!-- Bowser Fireball Spawn -->
      <attach sprite="274"/> <!-- Big Gear -->
      <attach sprite="286"/> <!-- Wood Circle -->
      <attach sprite="295"/> <!-- Ship Nut -->
      <attach sprite="289"/> <!-- Wood/Metal Box -->
      <attach sprite="318"/> <!-- Wood/Metal Box Gen -->
    </category>
    <category name="Environmental Effects and Doodads">
	<attach sprite="64"/> <!-- Outdoors Fog -->
	<attach sprite="435"/> <!-- Ghost Fog -->
	<attach sprite="446"/> <!-- Light Cloud -->
      <attach sprite="358"/> <!-- Lava Particle -->
      <attach sprite="110"/> <!-- Sunlight -->
	<attach sprite="463"/> <!-- Glare -->
      <attach sprite="399"/> <!-- Rocking -->
      <attach sprite="374"/> <!-- Snow/Wind -->
	<attach sprite="90"/> <!-- Wind Physics -->
	<attach sprite="465"/> <!-- Sound Effects -->
      <attach sprite="314"/> <!-- Bubble Gen -->
      <attach sprite="317"/> <!-- Bubble Controller -->
      <attach sprite="143"/> <!-- Arrow -->
      <attach sprite="310"/> <!-- Arrow Sign -->
      <attach sprite="321"/> <!-- Beta Arrow Block -->
      <attach sprite="325"/> <!-- Ghost House Stand -->
	<attach sprite="456"/> <!-- Final Bowser Bridge -->
	<attach sprite="424"/> <!-- Palm Tree -->
      <attach sprite="341"/> <!-- Turtle -->
      <attach sprite="357"/> <!-- Yoshi Food -->
	<attach sprite="432"/> <!-- Toad -->
      <attach sprite="345"/> <!-- Manacle -->
      <attach sprite="359"/> <!-- Lamp -->
	<attach sprite="446"/> <!-- Underwater Lamp -->
	<attach sprite="453"/> <!-- Underwater Plant -->
      <attach sprite="387"/> <!-- Bush -->
    </category>
    <category name="Coins and Blocks">
	<attach sprite="32"/> <!-- StarCoin -->
      <attach sprite="155"/> <!-- Line StarCoin -->
      <attach sprite="389"/> <!-- Bolt StarCoin -->
      <attach sprite="147"/> <!-- Coin -->
      <attach sprite="237"/> <!-- Blue Coin -->
      <attach sprite="144"/> <!-- Red Coin -->
      <attach sprite="225"/> <!-- Float Coin -->
      <attach sprite="371"/> <!-- Rolling Coin -->
      <attach sprite="390"/> <!-- Bolt Coin -->
      <attach sprite="284"/> <!-- Wind Coins -->
      <attach sprite="207-208"/> <!-- ? Normal -->
      <attach sprite="402"/> <!-- ? Line -->
      <attach sprite="422"/> <!-- ? Toad -->
      <attach sprite="175"/> <!-- ? Flying -->
	<attach sprite="433"/> <!-- ? Float -->
      <attach sprite="176"/> <!-- ? Roulette -->
      <attach sprite="209"/> <!-- Brick Normal -->
      <attach sprite="403"/> <!-- Brick Line -->
      <attach sprite="423"/> <!-- Brick Toad -->
	<attach sprite="43-45"/> <!-- Brick Switch -->
      <attach sprite="157"/> <!-- Brick Big -->
      <attach sprite="221"/> <!-- Invis Normal -->
      <attach sprite="416"/> <!-- Invis 1-Up -->
      <attach sprite="417"/> <!-- Invis Coin -->
      <attach sprite="357"/> <!-- Yoshi Food -->
      <attach sprite="148"/> <!-- Spring -->
      <attach sprite="386"/> <!-- POW -->
      <attach sprite="393"/> <!-- Propeller Block -->
      <attach sprite="391"/> <!-- Glow Block -->
      <attach sprite="388"/> <!-- Barrel -->
      <attach sprite="223"/> <!-- Bounce Block -->
      <attach sprite="289"/> <!-- Wood/Metal Box -->
      <attach sprite="370"/> <!-- Lakitu Block -->
    </category>
    <category name="Level Mechanics">
      <attach sprite="188"/> <!-- Midway -->
      <attach sprite="113"/> <!-- Flagpole -->
      <attach sprite="179"/> <!-- Special Exit -->
      <attach sprite="191"/> <!-- Tile God -->
	<attach sprite="32"/> <!-- StarCoin -->
      <attach sprite="155"/> <!-- Line StarCoin -->
      <attach sprite="389"/> <!-- Bolt StarCoin -->
      <attach sprite="156"/> <!-- Red Coin Ring -->
      <attach sprite="377-380"/> <!-- Pipes -->
      <attach sprite="339"/> <!-- Moving Pipe Up -->
      <attach sprite="353"/> <!-- Moving Pipe Down -->
      <attach sprite="227"/> <!-- Pipe Cannon -->
	<attach sprite="450"/> <!-- Any-Entrance Pipe -->
      <attach sprite="182"/> <!-- Event Door -->
      <attach sprite="259"/> <!-- Door -->
      <attach sprite="276-278"/> <!-- Doors -->
	<attach sprite="452"/> <!-- Bowser Door -->
      <attach sprite="127-128"/> <!-- Chain Link Flip -->
      <attach sprite="376"/> <!-- Moving Chain Link -->
	<attach sprite="448"/> <!-- Chain Link Blocker -->
      <attach sprite="266"/> <!-- Chain Wheel -->
      <attach sprite="330"/> <!-- Ladder -->
	<attach sprite="437"/> <!-- Purple Pole -->
	<attach sprite="440"/> <!-- Rope -->
	<attach sprite="464"/> <!-- Vine/Chain -->
	<attach sprite="444"/> <!-- Vine2 -->
	<attach sprite="40-42"/> <!-- Switch -->
      <attach sprite="153"/> <!-- Switch -->
	<attach sprite="478-479"/> <!-- Bowser Switches -->
	<attach sprite="77"/> <!-- DoomKey -->
    </category>
  </view>
  <view name="Events and Special">
    <category name="Main Event Controllers">
	<attach sprite="33-39"/> <!-- All Event Dealies -->
    </category>
    <category name="Switches and Other Event Activators">
	<attach sprite="40-45"/> <!-- Main Switches -->
      <attach sprite="153"/> <!-- Switch -->
	<attach sprite="478-479"/> <!-- Bowser Switches -->
	<attach sprite="91"/> <!-- Auto Scroller -->
	<attach sprite="32"/> <!-- StarCoin -->
      <attach sprite="155"/> <!-- Line StarCoin -->
      <attach sprite="389"/> <!-- Bolt StarCoin -->
      <attach sprite="156"/> <!-- Red Coin Ring -->
      <attach sprite="252"/> <!-- Odd Block -->
      <attach sprite="367"/> <!-- Line Pink Block -->
    </category>
    <category name="Event Controllable Objects">
	<attach sprite="40-45"/> <!-- Switch -->
      <attach sprite="153"/> <!-- Switch -->
	<attach sprite="478-479"/> <!-- Bowser Switches -->
	<attach sprite="91"/> <!-- Auto Scroller -->
	<attach sprite="149"/> <!-- Spinner -->
      <attach sprite="191"/> <!-- Tile God -->
      <attach sprite="260"/> <!-- Two-Way -->
      <attach sprite="144"/> <!-- Red Coin -->
      <attach sprite="182"/> <!-- Event Door -->
      <attach sprite="395"/> <!-- Cheep-Chase Stop -->
      <attach sprite="305"/> <!-- Light Circle -->
      <attach sprite="420"/> <!-- Giant Glow Block -->
      <attach sprite="368"/> <!-- Nice Boat's Light -->
      <attach sprite="138"/> <!-- Water -->
      <attach sprite="216"/> <!-- Poison Water -->
      <attach sprite="139"/> <!-- Lava -->
	<attach sprite="23"/> <!-- HMove -->
	<attach sprite="31"/> <!-- VMove -->
      <attach sprite="122"/> <!-- 1-Way -->
      <attach sprite="129"/> <!-- 4Plat -->
      <attach sprite="106"/> <!-- Line Plat -->
      <attach sprite="178"/> <!-- Scale -->
	<attach sprite="27-28"/> <!-- Stone Block -->
      <attach sprite="356"/> <!-- Brown Tower -->
	<attach sprite="30"/> <!-- Stone Tower -->
	<attach sprite="81-86"/> <!-- Stone Tower Spiked -->
    </category>
    <category name="Lighting">
      <attach sprite="359"/> <!-- Lamp -->
	<attach sprite="447"/> <!-- Underwater Lamp -->
      <attach sprite="305"/> <!-- Light Circle -->
      <attach sprite="306"/> <!-- Spotlight -->
      <attach sprite="391"/> <!-- Glow Block -->
      <attach sprite="420"/> <!-- Giant Glow Block -->
      <attach sprite="368"/> <!-- Flashlight Boat -->
      <attach sprite="158"/> <!-- Fire Snake -->
      <attach sprite="233"/> <!-- Bulber -->
      <attach sprite="258"/> <!-- Bulber Spawn -->
	<attach sprite="425"/> <!-- Jellybeam -->
    </category>
    <category name="Bonus Stage Stuff">
	<attach sprite="454"/> <!-- Ambush - Controller -->
      <attach sprite="185"/> <!-- Ambush - Balloon -->
      <attach sprite="203"/> <!-- Toad - Chest -->
	<attach sprite="432"/> <!-- Toad - Toad -->
      <attach sprite="429"/> <!-- Toad - Cannon Minigame -->
      <attach sprite="202"/> <!-- Toad - Cannon -->
      <attach sprite="411"/> <!-- Toad - Balloon1 -->
      <attach sprite="412"/> <!-- Toad - Balloon2 -->
	<attach sprite="430"/> <!-- Toad - Item Minigame -->
	<attach sprite="428"/> <!-- Toad - Flip Panels -->
	<attach sprite="434"/> <!-- Warp - Cannon -->
	<attach sprite="443"/> <!-- Hint - Super Vid -->
	<attach sprite="442"/> <!-- Hint - Super Vid Controller -->
	<attach sprite="477"/> <!-- Hint - Cuz You Suck -->
    </category>
    <category name="Boss and Cutscene Controllers">
      <attach sprite="363"/> <!-- Tower Boss -->
      <attach sprite="407"/> <!-- Boss Castle Cutscene -->
      <attach sprite="192"/> <!-- Larry Boss -->
      <attach sprite="415"/> <!-- Larry Boss2 -->
      <attach sprite="364"/> <!-- Roy Boss -->
      <attach sprite="381"/> <!-- Lemmy Boss -->
      <attach sprite="375"/> <!-- Wendy Boss -->
      <attach sprite="372"/> <!-- Iggy Boss -->
      <attach sprite="349"/> <!-- Morton Boss -->
      <attach sprite="365"/> <!-- Ludwig Boss -->
      <attach sprite="408"/> <!-- Jr Castle Cutscene -->
      <attach sprite="211"/> <!-- Jr 1st Boss -->
      <attach sprite="405"/> <!-- Jr 2nd Boss -->
      <attach sprite="406"/> <!-- Jr 3rd Boss -->
      <attach sprite="408"/> <!-- Jr Ship Cutscene -->
      <attach sprite="383"/> <!-- Kamek Boss -->
	<attach sprite="482"/> <!-- Final Boss BG Effects -->
	<attach sprite="431"/> <!-- Final Boss -->
	<attach sprite="468"/> <!-- Credits -->
    </category>
    <category name="Camera/Scrolling Related">
      <attach sprite="162-165"/> <!-- Border Related -->
      <attach sprite="248-249"/> <!-- Border Related2 -->
      <attach sprite="206"/> <!-- Zoom -->
	<attach sprite="436"/> <!-- Background Something -->
      <attach sprite="110"/> <!-- Sunlight -->
	<attach sprite="463"/> <!-- Glare -->
      <attach sprite="399"/> <!-- Rocking -->
      <attach sprite="374"/> <!-- Snow/Wind -->
      <attach sprite="358"/> <!-- Lava Particle -->
    </category>
    <category name="Misc Controllers">
	<attach sprite="90"/> <!-- Wind Physics -->
      <attach sprite="179"/> <!-- Special Exit -->
      <attach sprite="186"/> <!-- Mini-Mario Collision Switch -->
	<attach sprite="474"/> <!-- Dancing Coins -->
	<attach sprite="465"/> <!-- Sound Effects -->
	<attach sprite="459"/> <!-- Crowd Clapper1 -->
	<attach sprite="461"/> <!-- Crowd Clapper2 -->
    </category>
    <category name="???????">
	<attach sprite="79"/>
      <attach sprite="116"/>
      <attach sprite="132"/>
      <attach sprite="150"/>
      <attach sprite="160"/>
      <attach sprite="171"/>
      <attach sprite="184"/>
      <attach sprite="218"/>
      <attach sprite="241"/>
      <attach sprite="245"/>
      <attach sprite="243"/>
      <attach sprite="246"/>
      <attach sprite="251"/>
      <attach sprite="244"/>
      <attach sprite="250"/>
      <attach sprite="247"/>
      <attach sprite="285"/>
      <attach sprite="287"/>
      <attach sprite="332"/>
      <attach sprite="350"/>
      <attach sprite="351"/>
    </category>
    <category name="Incomplete / Beta">
	<attach sprite="29"/>
	<attach sprite="49"/>
	<attach sprite="52"/>
	<attach sprite="55"/>
	<attach sprite="87"/>
	<attach sprite="88"/>
	<attach sprite="89"/>
	<attach sprite="97"/>
      <attach sprite="107"/>
      <attach sprite="121"/>
      <attach sprite="152"/>
      <attach sprite="169"/>
      <attach sprite="183"/>
      <attach sprite="210"/>
      <attach sprite="213"/>
      <attach sprite="239"/>
      <attach sprite="279"/>
      <attach sprite="282"/>
      <attach sprite="283"/>
      <attach sprite="290"/>
      <attach sprite="302"/>
      <attach sprite="319"/>
      <attach sprite="320"/>
      <attach sprite="322"/>
      <attach sprite="324"/>
      <attach sprite="328"/>
      <attach sprite="329"/>
      <attach sprite="410"/>
      <attach sprite="421"/>
	<attach sprite="481"/>
    </category>
  </view>
  <view name="Sorted By Number">
    <category name="0-99">
      <attach sprite="0-99"/>
    </category>
    <category name="100-199">
      <attach sprite="100-199"/>
    </category>
    <category name="200-299">
      <attach sprite="200-299"/>
    </category>
    <category name="300-399">
      <attach sprite="300-399"/>
    </category>
    <category name="400-482">
      <attach sprite="400-482"/>
    </category>
  </view>
</views>