<?xml version="1.0" encoding="UTF-8" standalone="yes"?>
<app version="1.0">
	<name>Riivolution</name>
	<coder>Aaron, tueidj</coder>
	<version>v1.0</version>
	<release_date>20100319240000</release_date>
	<short_description>Riivolution Patcher</short_description>
	<long_description>Riivolution is an on-the-fly game patcher for use with retail discs. It allows users to place content on their SD or USB devices, which will be read by the game during regular play. Riivolution can be used for custom textures, music, levels, memory patches, game translations, and more.

Riivolution requires valid game content and an XML file to apply changes to games.

http://rvlution.net/riivolution</long_description>
</app>
