<?xml version="1.0"?>
<views>
  <view name="Gegner"><!--ae=&#228;oe=&#246;ue=&#252;sz=&#223;-->
    <category name="Klassische Gegner">
	<attach sprite="20-21"/> <!-- Goombas -->
      <attach sprite="200"/> <!-- Goomba Mini -->
      <attach sprite="198-199"/> <!-- Goomba Big -->
      <attach sprite="170"/> <!-- Goomba Chestnut -->
	<attach sprite="57-58"/> <!-- Koopas -->
	<attach sprite="24"/> <!-- Buzzy -->
	<attach sprite="60"/> <!-- Spike Buzzy -->
      <attach sprite="296"/> <!-- Giant Buzzy -->
	<attach sprite="25-26"/> <!-- Spinys -->
	<attach sprite="95"/> <!-- HBrother -->
      <attach sprite="308"/> <!-- HBrother2 -->
      <attach sprite="120"/> <!-- BigBrother -->
	<attach sprite="94"/> <!-- BBrother -->
	<attach sprite="80"/> <!-- FBrother -->
      <attach sprite="272"/> <!-- IBrother -->
	<attach sprite="65-68"/> <!-- Pplant -->
	<attach sprite="69-72"/> <!-- Fplant -->
	<attach sprite="73-76"/> <!-- Gplant -->
      <attach sprite="264"/> <!-- Walking Plant -->
      <attach sprite="263"/> <!-- River Plant -->
      <attach sprite="342"/> <!-- Muncher -->
	<attach sprite="92-93"/> <!-- Bullet Bill -->
      <attach sprite="338"/> <!-- Bullet Bill2 -->
      <attach sprite="136"/> <!-- Bullet Bill3 -->
      <attach sprite="418"/> <!-- Bullet Bill4 -->
      <attach sprite="215"/> <!-- Loose Bullet Bill Gen -->
      <attach sprite="326"/> <!-- King Bill -->
	<attach sprite="99"/> <!-- Pipe Enemy -->
    </category>
    <category name="Oberwelt und Himmel">
      <attach sprite="130"/> <!-- Wiggler -->
      <attach sprite="240"/> <!-- Wiggler Big -->
      <attach sprite="230"/> <!-- Bramball -->
      <attach sprite="303"/> <!-- Mole -->
      <attach sprite="195"/> <!-- Crab -->
      <attach sprite="238"/> <!-- Foo -->
      <attach sprite="369"/> <!-- Penguin -->
      <attach sprite="384"/> <!-- Penguin Gen -->
      <attach sprite="146"/> <!-- Chain Chomp -->
      <attach sprite="177"/> <!-- Fire Chomp -->
      <attach sprite="217"/> <!-- Fire Chomp Spawn -->
	<attach sprite="54"/> <!-- Lakitu -->
      <attach sprite="124"/> <!-- Lakitu Spawn -->
      <attach sprite="370"/> <!-- Lakitu Block -->
      <attach sprite="104"/> <!-- Amp -->
      <attach sprite="108"/> <!-- Line Amp Gen -->
      <attach sprite="343"/> <!-- Line Fuzzy -->
      <attach sprite="224"/> <!-- Ray -->
      <attach sprite="235"/> <!-- Ray Spawn -->
      <attach sprite="291-292"/> <!-- Parabeetle -->
    </category>
    <category name="fliegende Elemente">
      <attach sprite="215"/> <!-- Loose Bullet Bill Gen -->
      <attach sprite="326"/> <!-- King Bill -->
	<attach sprite="58"/> <!-- Parakoopa -->
      <attach sprite="181"/> <!-- Jumping Cheep Spawn -->
      <attach sprite="224"/> <!-- Ray -->
      <attach sprite="235"/> <!-- Ray Spawn -->
      <attach sprite="291-292"/> <!-- Parabeetle -->
      <attach sprite="177"/> <!-- Fire Chomp -->
      <attach sprite="217"/> <!-- Fire Chomp Spawn -->
	<attach sprite="54"/> <!-- Lakitu -->
      <attach sprite="124"/> <!-- Lakitu Spawn -->
      <attach sprite="370"/> <!-- Lakitu Block -->
	<attach sprite="100"/> <!-- Swooper -->
      <attach sprite="134"/> <!-- Purple Crow -->
	<attach sprite="47-48"/> <!-- Thwomp -->
      <attach sprite="131"/> <!-- Boo -->
	<attach sprite="61"/> <!-- Big Boo -->
      <attach sprite="323"/> <!-- Boo Circle -->
      <attach sprite="262"/> <!-- Poltergeist -->
      <attach sprite="269-270"/> <!-- ParaOmb -->
      <attach sprite="104"/> <!-- Amp -->
	<attach sprite="476"/> <!-- Loose Wrench -->
      <attach sprite="293"/> <!-- Volcano Rock Spawn -->
      <attach sprite="392"/> <!-- Magic Fireball Spawn -->
	<attach sprite="449"/> <!-- Bowser Fireball Spawn -->
      <attach sprite="296"/> <!-- Giant Buzzy -->
    </category>
    <category name="W&#252;ste und H&#246;hlen">
      <attach sprite="105"/> <!-- Pokey -->
      <attach sprite="158"/> <!-- Fire Snake -->
      <attach sprite="414"/> <!-- Gabon -->
	<attach sprite="24"/> <!-- Buzzy -->
      <attach sprite="296"/> <!-- Giant Buzzy -->
	<attach sprite="60"/> <!-- Spike Buzzy -->
	<attach sprite="25-26"/> <!-- Spinys -->
	<attach sprite="100"/> <!-- Swooper -->
    </category>
    <category name="Wasser">
      <attach sprite="138"/> <!-- Water -->
      <attach sprite="317"/> <!-- Water Controller -->
      <attach sprite="263"/> <!-- Wplant -->
      <attach sprite="115"/> <!-- Cheep1 -->
      <attach sprite="116"/> <!-- Cheep2 -->
      <attach sprite="395"/> <!-- Cheep-Chase -->
	<attach sprite="150"/> <!-- Jumping Cheep -->
      <attach sprite="334"/> <!-- Cheep-Big -->
      <attach sprite="335"/> <!-- Cheep-School -->
      <attach sprite="247"/> <!-- Cheep Formator -->
      <attach sprite="220"/> <!-- Cheep-Spawn -->
      <attach sprite="181"/> <!-- Jumping Cheep Spawn -->
      <attach sprite="196"/> <!-- Fishbones -->
      <attach sprite="180"/> <!-- Cheep Chomp -->
      <attach sprite="151"/> <!-- Bertha -->
      <attach sprite="154"/> <!-- Bertha Spawn -->
      <attach sprite="233"/> <!-- Bulber -->
      <attach sprite="258"/> <!-- Bulber Spawn -->
	<attach sprite="425"/> <!-- Jellybeam -->
      <attach sprite="193-194"/> <!-- Urchin -->
      <attach sprite="111-112"/> <!-- Bloopers -->
      <attach sprite="197"/> <!-- Clam -->
    </category>
    <category name="Schloss und Vulkan">
	<attach sprite="139"/> <!-- Lava -->
	<attach sprite="46"/> <!-- Podobo -->
      <attach sprite="118-119"/> <!-- Bones -->
      <attach sprite="101"/> <!-- BobOmb -->
	<attach sprite="47-48"/> <!-- Thwomp -->
      <attach sprite="414"/> <!-- Gabon -->
      <attach sprite="293"/> <!-- Volcano Rock Spawn -->
	<attach sprite="63"/> <!-- Spike Ball -->
	<attach sprite="98"/> <!-- Big Spike Ball -->
      <attach sprite="204"/> <!-- Spike Ball Gen -->
      <attach sprite="109"/> <!-- Spike Ball on Chain -->
	<attach sprite="480"/> <!-- Med Spike Pillar -->
      <attach sprite="137"/> <!-- Spike Pillar -->
      <attach sprite="140-142"/> <!-- Spike Pillar -->
      <attach sprite="398"/> <!-- Gigantic Spike -->
      <attach sprite="400-401"/> <!-- Gigantic Spike -->
      <attach sprite="404"/> <!-- Gigantic Spike -->
      <attach sprite="222"/> <!-- Conveyor Spike -->
	<attach sprite="62"/> <!-- Firebar -->
      <attach sprite="394"/> <!-- Lemmy Ball -->
      <attach sprite="413"/> <!-- Wendy Ring -->
      <attach sprite="392"/> <!-- Magic Fireball Spawn -->
	<attach sprite="449"/> <!-- Bowser Fireball Spawn -->
    </category>
    <category name="Geisterhaus">
	<attach sprite="435"/> <!-- Ghost Fog -->
      <attach sprite="131"/> <!-- Boo -->
	<attach sprite="61"/> <!-- Big Boo -->
      <attach sprite="323"/> <!-- Boo Circle -->
      <attach sprite="102"/> <!-- Broozer -->
      <attach sprite="134"/> <!-- Purple Crow -->
      <attach sprite="262"/> <!-- Poltergeist -->
      <attach sprite="271"/> <!-- Mouser -->
	<attach sprite="451"/> <!-- Mouser Despawn -->
    </category>
    <category name="Luftschiff">
	<attach sprite="234"/> <!-- Cloud Area -->
      <attach sprite="232"/> <!-- Mecha -->
      <attach sprite="101"/> <!-- BobOmb -->
      <attach sprite="269-270"/> <!-- ParaOmb -->
      <attach sprite="352"/> <!-- Wrenches -->
	<attach sprite="476"/> <!-- Loose Wrench -->
      <attach sprite="114"/> <!-- 'Flame Cannon1' -->
      <attach sprite="117"/> <!-- 'Flame Cannon2' -->
      <attach sprite="304"/> <!-- 'Flame Cannon3' -->
      <attach sprite="309"/> <!-- 'Flame Cannon4' -->
      <attach sprite="307"/> <!-- 'Flame Cannon4' Sync -->
      <attach sprite="298-301"/> <!-- Cannons -->
    </category>
    <category name="sch&#228;dliche Zeuger-Elemente">
	<attach sprite="99"/> <!-- Pipe Enemy -->
      <attach sprite="220"/> <!-- Cheep-Spawn -->
      <attach sprite="181"/> <!-- Jumping Cheep Spawn -->
      <attach sprite="154"/> <!-- Bertha Spawn -->
      <attach sprite="258"/> <!-- Bulber Spawn -->
      <attach sprite="204"/> <!-- Spike Ball Gen -->
      <attach sprite="215"/> <!-- Loose Bullet Bill Gen -->
      <attach sprite="270"/> <!-- Para-bomb Spawn -->
      <attach sprite="124"/> <!-- Lakitu Spawn -->
      <attach sprite="217"/> <!-- Fire Chomp Spawn -->
      <attach sprite="235"/> <!-- Ray Spawn -->
      <attach sprite="108"/> <!-- Line Amp Gen -->
      <attach sprite="293"/> <!-- Volcano Rock Spawn -->
	<attach sprite="426"/> <!-- Fireball Spawn -->
      <attach sprite="392"/> <!-- Magic Fireball Spawn -->
	<attach sprite="449"/> <!-- Bowser Fireball Spawn -->
    </category>
    <category name="gro&#223;">
      <attach sprite="198-199"/> <!-- Goomba -->
      <attach sprite="296"/> <!-- Buzzy -->
	<attach sprite="74"/> <!-- Pirahna Plant -->
	<attach sprite="76"/> <!-- Fire Plant -->
      <attach sprite="120"/> <!-- Brother -->
      <attach sprite="240"/> <!-- Wiggler -->
      <attach sprite="326"/> <!-- Bullet Bill -->
      <attach sprite="119"/> <!-- Bones -->
	<attach sprite="48"/> <!-- Thwomp -->
	<attach sprite="98"/> <!-- Spike Ball -->
	<attach sprite="61"/> <!-- Boo -->
      <attach sprite="334"/> <!-- Cheep -->
      <attach sprite="180"/> <!-- Cheep Chomp -->
      <attach sprite="194"/> <!-- Urchin -->
      <attach sprite="292"/> <!-- Parabeetle -->
      <attach sprite="343"/> <!-- Line Fuzzy -->
      <attach sprite="326"/> <!-- King Bill -->
    </category>
    <category name="Besonderes und Anderes">
      <attach sprite="342"/> <!-- Muncher -->
      <attach sprite="125-126"/> <!-- Chain Koopa -->
      <attach sprite="108"/> <!-- Line Amp Gen -->
      <attach sprite="343"/> <!-- Line Fuzzy -->
      <attach sprite="189"/> <!-- Larry -->
      <attach sprite="415"/> <!-- Larry2 -->
      <attach sprite="347"/> <!-- Roy -->
      <attach sprite="340"/> <!-- Lemmy -->
      <attach sprite="336"/> <!-- Wendy -->
      <attach sprite="337"/> <!-- Iggy -->
      <attach sprite="344"/> <!-- Morton -->
      <attach sprite="348"/> <!-- Ludwig -->
	<attach sprite="427"/> <!-- Kamek -->
      <attach sprite="419"/> <!-- Bowser -->
      <attach sprite="326"/> <!-- King Bill -->
	<attach sprite="439"/> <!-- Fake Peach -->
	<attach sprite="445"/> <!-- Real Peach -->
    </category>
  </view>
  <view name="Plattformen und Bewegungselemente">
    <category name="normale durchl&#228;ssige Plattformelemente">
	<attach sprite="23"/> <!-- HMove -->
	<attach sprite="31"/> <!-- VMove -->
	<attach sprite="50"/> <!-- TouchFall -->
      <attach sprite="122"/> <!-- 1-Way -->
      <attach sprite="103"/> <!-- Gen -->
      <attach sprite="129"/> <!-- 4-Plat -->
      <attach sprite="178"/> <!-- Scale -->
      <attach sprite="396"/> <!-- Enemy Count -->
	<attach sprite="441"/> <!-- Mush Reg -->
      <attach sprite="228"/> <!-- Mush Stretch -->
    </category>
    <category name="undurchl&#228;ssige Blockelemente">
      <attach sprite="356"/> <!-- Brown Tower -->
      <attach sprite="354"/> <!-- Brown Tower Two-Way -->
	<attach sprite="27-28"/> <!-- Stone Block -->
	<attach sprite="30"/> <!-- Stone Tower -->
	<attach sprite="81-86"/> <!-- Stone Tower Spiked -->
      <attach sprite="260"/> <!-- Stone Tower Two-Way -->
	<attach sprite="466"/> <!-- Lava Block -->
      <attach sprite="257"/> <!-- TouchMove Metal -->
      <attach sprite="397"/> <!-- TouchMove Ghost -->
	<attach sprite="467"/> <!-- Light Gem Block -->
	<attach sprite="462"/> <!-- Huge Spiked Block -->
    </category>
    <category name="Ferngesteuertes und Tr&#228;ger-Plattformen">
	<attach sprite="51"/> <!-- Tilt -->
      <attach sprite="190"/> <!-- Tilt2 -->
	<attach sprite="59"/> <!-- Line Tilt -->
	<attach sprite="56"/> <!-- Rising -->
      <attach sprite="281"/> <!-- Rising Controller -->
      <attach sprite="267"/> <!-- Chain Grate -->
	<attach sprite="202"/> <!-- MG Cannon -->
      <attach sprite="187"/> <!-- Player Block -->
      <attach sprite="333"/> <!-- Line Player Plat -->
	<attach sprite="319-320"/> <!-- Giant doors -->
    </category>
    <category name="Schienen-Elemente">
      <attach sprite="106"/> <!-- Line Plat -->
	<attach sprite="129"/> <!-- Platform wheel -->
	<attach sprite="59"/> <!-- Line Tilt Plat -->
      <attach sprite="327"/> <!-- Line Bolt Plat -->
      <attach sprite="367"/> <!-- Line Pink Block -->
      <attach sprite="333"/> <!-- Line Player Plat -->
      <attach sprite="108"/> <!-- Line Amp Gen -->
      <attach sprite="297"/> <!-- Line Coaster -->
      <attach sprite="236"/> <!-- Use Lines -->
      <attach sprite="155"/> <!-- Line StarCoin -->
      <attach sprite="402"/> <!-- Line ? -->
      <attach sprite="403"/> <!-- Line Brick -->
      <attach sprite="343"/> <!-- Line Fuzzy -->
    </category>
    <category name="rotierende Elemente">
      <attach sprite="96"/> <!-- Swaying -->
      <attach sprite="149"/> <!-- Spinning -->
      <attach sprite="253"/> <!-- Rotate Coin -->
      <attach sprite="255"/> <!-- Rotate ? -->
      <attach sprite="256"/> <!-- Rotate Brick -->
      <attach sprite="361"/> <!-- Crystal Block -->
      <attach sprite="362"/> <!-- Colored Box -->
      <attach sprite="366"/> <!-- Red/Green -->
      <attach sprite="346"/> <!-- Hanging Chain Plat -->
	<attach sprite="438"/> <!-- Cage Blocks -->
	<attach sprite="455"/> <!-- Sledge Block -->
      <attach sprite="331"/> <!-- Dish Plat -->
	<attach sprite="457"/> <!-- 4-Thin Bar -->
	<attach sprite="458"/> <!-- Thick Bar -->
	<attach sprite="274"/> <!-- Metal Gear -->
      <attach sprite="306"/> <!-- Spotlight -->
      <attach sprite="305"/> <!-- Light Circle -->
      <attach sprite="259"/> <!-- Door -->
      <attach sprite="182"/> <!-- Event Door -->
      <attach sprite="276-278"/> <!-- Doors -->
	<attach sprite="452"/> <!-- Bowser Door -->
      <attach sprite="252"/> <!-- Event ?-Block -->
      <attach sprite="254"/> <!-- Rotate Pipe -->
    </category>
    <category name="bewegungsgesteuerte Elemente">
      <attach sprite="147"/> <!-- Coin -->
      <attach sprite="207-209"/> <!-- Blocks -->
      <attach sprite="221"/> <!-- Invis -->
	<attach sprite="474"/> <!-- Dancing Coin/Block -->
      <attach sprite="205"/> <!-- Float Bubble -->
      <attach sprite="226"/> <!-- Float Bubble2 -->
      <attach sprite="172"/> <!-- Mush Bolt -->
      <attach sprite="382"/> <!-- Mush Bolt Pair -->
      <attach sprite="260"/> <!-- Two-Way -->
      <attach sprite="354"/> <!-- Two-Way Brown Tower -->
      <attach sprite="261"/> <!-- Two-Way Stone Tower -->
	<attach sprite="460"/> <!-- Two-Way Gear Block -->
      <attach sprite="159"/> <!-- Rails -->
      <attach sprite="166"/> <!-- Block Train -->
      <attach sprite="214"/> <!-- Ghost FreeFall -->
      <attach sprite="305"/> <!-- Light Circle -->
      <attach sprite="420"/> <!-- Giant Glow Block -->
	<attach sprite="475"/> <!-- Ice Flow -->
      <attach sprite="368"/> <!-- Nice Boat -->
	<attach sprite="91"/> <!-- Auto Scroller -->
    </category>
    <category name="bewegungssynchrone Elemente">
      <attach sprite="212"/> <!-- Rolling -->
      <attach sprite="371"/> <!-- Rolling Coin -->
      <attach sprite="219"/> <!-- Stretching -->
      <attach sprite="312"/> <!-- Stretching Sync -->
      <attach sprite="231"/> <!-- Mush Wiggling -->
      <attach sprite="313"/> <!-- Mush Wiggling Sync -->
	<attach sprite="172"/> <!-- Mush screw with Bolt-->
	<attach sprite="382"/> <!-- Mush screw -->
      <attach sprite="309"/> <!-- Flame Cannon -->
      <attach sprite="307"/> <!-- Flame Cannon Sync -->
      <attach sprite="315"/> <!-- Bolt -->
      <attach sprite="316"/> <!-- Bolt Block -->
	<attach sprite="327"/> <!-- Bold plat -->
	<attach sprite="469"/> <!-- Bolt Ship Platform -->
	<attach sprite="470"/> <!-- Bolt Ship Wire -->
      <attach sprite="390"/> <!-- Bolt Coin -->
      <attach sprite="389"/> <!-- Bolt StarCoin -->
      <attach sprite="368"/> <!-- Nice Boat -->
      <attach sprite="373"/> <!-- Rail Water? -->
    </category>
    <category name="pfadgesteuerte Elemente">
	<attach sprite="159"/> <!-- Path Controller -->
      <attach sprite="147"/> <!-- Coin -->
      <attach sprite="207-209"/> <!-- Blocks -->
      <attach sprite="221"/> <!-- Invis -->
	<attach sprite="91"/> <!-- Auto Scroller -->
	<attach sprite="132"/> <!-- Test Platform -->
	<attach sprite="160"/> <!-- Test Platform2 -->
	<attach sprite="166"/> <!-- Block Train -->
	<attach sprite="475"/> <!-- Path Ice Flow -->
	<attach sprite="287"/> <!-- Path Ice Block -->
	<attach sprite="368"/> <!-- Flash light Raft -->
	<attach sprite="420"/> <!-- Big Light Block -->
      <attach sprite="305"/> <!-- Light Circle -->
	<attach sprite="214"/> <!-- Ghost Lift -->
	<attach sprite="241"/> <!-- Wiggler Spawner -->
    </category>
    <category name="Beta-Plattformen">
	<attach sprite="97"/> <!-- Full Rot Plat -->
	<attach sprite="107"/> <!-- Half Rot Plat -->
	<attach sprite="52"/>
	<attach sprite="49"/>
	<attach sprite="55"/> 
	<attach sprite="87"/> <!-- Trampoline Wall -->
    </category>
  </view>
  <view name="nat&#252;rliche Gefahren, Gegenst&#228;nde und Mechanismen">
    <category name="nat&#252;rliche Gefahren - Allgemein">
      <attach sprite="212"/> <!-- Rolling Normal -->
      <attach sprite="355"/> <!-- Rolling 1-Pipe -->
      <attach sprite="360"/> <!-- Rolling 8-Pipe -->
      <attach sprite="339"/> <!-- Moving Pipe Up -->
      <attach sprite="353"/> <!-- Moving Pipe Down -->
      <attach sprite="53"/> <!-- Quicksand -->
      <attach sprite="229"/> <!-- Sand Pillar -->
      <attach sprite="234"/> <!-- Thick Cloud -->
	<attach sprite="446"/> <!-- Light Cloud -->
	<attach sprite="78"/> <!-- Bounce Cloud -->
      <attach sprite="223"/> <!-- Bounce Block -->
      <attach sprite="388"/> <!-- Barrel -->
      <attach sprite="288"/> <!-- Rolling Barrel -->
      <attach sprite="219"/> <!-- Stretching -->
      <attach sprite="242"/> <!-- Ledge Bar -->
	<attach sprite="471"/> <!-- Pot Platform -->
	<attach sprite="480"/> <!-- Med Spike Pillar -->
      <attach sprite="137"/> <!-- Spike Pillar -->
      <attach sprite="140-142"/> <!-- Spike Pillar -->
      <attach sprite="398"/> <!-- Gigantic Spike -->
      <attach sprite="400-401"/> <!-- Gigantic Spike -->
      <attach sprite="404"/> <!-- Gigantic Spike -->
      <attach sprite="222"/> <!-- Conveyor Spike -->
      <attach sprite="123"/> <!-- Old Swing -->
	<attach sprite="451"/> <!-- Mouser Despawner -->
      <attach sprite="174"/> <!-- 1-Way Gate -->
	<attach sprite="171"/> <!-- Balloon Item -->
    </category>
    <category name="nat&#252;rliche Gefahren - Eis">
      <attach sprite="201"/> <!-- Icicle -->
      <attach sprite="265"/> <!-- Falling Icicle -->
      <attach sprite="311"/> <!-- Giant Falling Icicle -->
      <attach sprite="385"/> <!-- Grabbable Ice Block -->
      <attach sprite="280"/> <!-- Giant Ice Block -->
      <attach sprite="294"/> <!-- Ice Cube -->
	<attach sprite="475"/> <!-- Path Ice Flow -->
	<attach sprite="472"/> <!-- Ice Flow Gen -->
	<attach sprite="473"/> <!-- Float Ice Flow Gen -->
	<attach sprite="166"/> <!-- Block Train -->
    </category>
    <category name="nat&#252;rliche Gefahren - basierend auf Wasser">
      <attach sprite="138"/> <!-- Water -->
	<attach sprite="285"/> <!-- Rise Water -->
      <attach sprite="373"/> <!-- Rail Water? -->
	<attach sprite="243"/> <!-- Current -->
      <attach sprite="317"/> <!-- Bubble Controller -->
	<attach sprite="314"/> <!-- Underwater Bubble -->
      <attach sprite="216"/> <!-- Poison Water -->
      <attach sprite="368"/> <!-- Flash Light Raft -->
      <attach sprite="275"/> <!-- 5-Enemy Raft -->
      <attach sprite="161"/> <!-- Pipe Bubbles -->
      <attach sprite="145"/> <!-- Float Barrel -->
      <attach sprite="173"/> <!-- Float Log -->
      <attach sprite="205"/> <!-- Float Bubble -->
      <attach sprite="226"/> <!-- Float Bubble2 -->
    </category>
    <category name="nat&#252;rliche Gefahren - Lava, Feuer und Luftschiff">
      <attach sprite="139"/> <!-- Lava -->
      <attach sprite="358"/> <!-- Lava Particle -->
      <attach sprite="268"/> <!-- Lava Geyser -->
	<attach sprite="466"/> <!-- Lava Block -->
      <attach sprite="257"/> <!-- TouchMove Metal -->
      <attach sprite="135"/> <!-- TouchFall Chained Plat -->
      <attach sprite="133"/> <!-- Teetering Rock Plat -->
      <attach sprite="293"/> <!-- Volcano Rock -->
	<attach sprite="62"/> <!-- Fire Bar -->
	<attach sprite="426"/> <!-- Fireball Spawn -->
      <attach sprite="392"/> <!-- Magic Fireball Spawn -->
	<attach sprite="449"/> <!-- Bowser Fireball Spawn -->
      <attach sprite="274"/> <!-- Big Gear -->
      <attach sprite="286"/> <!-- Wood Circle -->
      <attach sprite="295"/> <!-- Ship Nut -->
	<attach sprite="469-470"/> <!-- hanging plat -->
      <attach sprite="289"/> <!-- Wood/Metal Box -->
      <attach sprite="318"/> <!-- Wood/Metal Box Gen -->
    </category>
    <category name="nat&#252;rliche Effekte und Zeug">
	<attach sprite="64"/> <!-- Outdoors Fog -->
	<attach sprite="435"/> <!-- Ghost Fog -->
	<attach sprite="446"/> <!-- Light Cloud -->
      <attach sprite="358"/> <!-- Lava Particle -->
      <attach sprite="110"/> <!-- Sunlight -->
	<attach sprite="463"/> <!-- Glare -->
      <attach sprite="399"/> <!-- Rocking -->
      <attach sprite="374"/> <!-- Snow/Wind -->
	<attach sprite="90"/> <!-- Wind Physics -->
	<attach sprite="465"/> <!-- Sound Effects -->
      <attach sprite="314"/> <!-- Bubble Gen -->
      <attach sprite="317"/> <!-- Bubble Controller -->
	<attach sprite="171"/> <!-- Bubble Item -->
      <attach sprite="143"/> <!-- Arrow -->
      <attach sprite="310"/> <!-- Arrow Sign -->
      <attach sprite="321"/> <!-- Beta Arrow Block -->
      <attach sprite="325"/> <!-- Ghost House Stand -->
	<attach sprite="456"/> <!-- Final Bowser Bridge -->
	<attach sprite="424"/> <!-- Palm Tree -->
      <attach sprite="388"/> <!-- Barrel -->
      <attach sprite="341"/> <!-- Turtle -->
      <attach sprite="148"/> <!-- Spring -->
      <attach sprite="357"/> <!-- Yoshi Food -->
	<attach sprite="432"/> <!-- Toad -->
      <attach sprite="345"/> <!-- Manacle -->
      <attach sprite="359"/> <!-- Lamp -->
	<attach sprite="446"/> <!-- Underwater Lamp -->
	<attach sprite="453"/> <!-- Underwater Plant -->
      <attach sprite="387"/> <!-- Bush -->
    </category>
    <category name="M&#252;nzen">
	<attach sprite="32"/> <!-- StarCoin -->
      <attach sprite="155"/> <!-- Line StarCoin -->
      <attach sprite="389"/> <!-- Bolt StarCoin -->
      <attach sprite="147"/> <!-- Coin -->
      <attach sprite="237"/> <!-- Blue Coin -->
      <attach sprite="144"/> <!-- Red Coin -->
      <attach sprite="253"/> <!-- Rotate Coin -->
      <attach sprite="225"/> <!-- Float Coin -->
      <attach sprite="371"/> <!-- Rolling Coin -->
      <attach sprite="390"/> <!-- Bolt Coin -->
      <attach sprite="284"/> <!-- Wind Coins -->
      <attach sprite="417"/> <!-- Invis Coin -->
    </category>
    <category name="Item-Bl&#246;cke">
      <attach sprite="207-208"/> <!-- ? Normal -->
      <attach sprite="402"/> <!-- ? Line -->
      <attach sprite="255"/> <!-- Rotate ? -->
	<attach sprite="433"/> <!-- ? Float -->
      <attach sprite="422"/> <!-- ? Toad -->
      <attach sprite="175"/> <!-- ? Flying -->
      <attach sprite="209"/> <!-- Brick Normal -->
      <attach sprite="403"/> <!-- Brick Line -->
      <attach sprite="256"/> <!-- Rotate Brick -->
      <attach sprite="423"/> <!-- Brick Toad -->
	<attach sprite="43-45"/> <!-- Brick Switch -->
      <attach sprite="157"/> <!-- Brick Big -->
      <attach sprite="221"/> <!-- Invis Normal -->
      <attach sprite="176"/> <!-- ? Roulette -->
    </category>
    <category name="andere Bl&#246;cke">
      <attach sprite="386"/> <!-- POW -->
      <attach sprite="393"/> <!-- Propeller Block -->
      <attach sprite="391"/> <!-- Glow Block -->
      <attach sprite="223"/> <!-- Bounce Block -->
      <attach sprite="219"/> <!-- Line Block -->
      <attach sprite="289"/> <!-- Wood/Metal Box -->
      <attach sprite="187"/> <!-- Player Block -->
      <attach sprite="370"/> <!-- Lakitu Block -->
      <attach sprite="321"/> <!-- Arrow Block -->
	<attach sprite="443"/> <!-- Hint - Super Vid -->
	<attach sprite="477"/> <!-- Super Guide Block - Cuz You Suck -->
    </category>
    <category name="Level-Mechanismen - Ausgangs- und Eingangselemente">
      <attach sprite="188"/> <!-- Midway -->
      <attach sprite="113"/> <!-- Flagpole -->
      <attach sprite="179"/> <!-- Special Exit -->
	<attach sprite="0-9"/> <!-- Clones -->
      <attach sprite="377-380"/> <!-- Pipes -->
	<attach sprite="450"/> <!-- Any-Entrance Pipe -->
	<attach sprite="254"/> <!-- Rot Pipe -->
	<attach sprite="301"/> <!-- Big Rot Cannon with Pipe -->
	<attach sprite="355"/> <!-- 1 Pipe Hill -->
	<attach sprite="360"/> <!-- 8 Pipe Hill -->
      <attach sprite="182"/> <!-- Event Door -->
      <attach sprite="259"/> <!-- Door -->
      <attach sprite="276"/> <!-- Ghost Door -->
      <attach sprite="421"/> <!-- Fake Ghost Door -->
      <attach sprite="277-278"/> <!-- Doors -->
	<attach sprite="452"/> <!-- Bowser Door -->
    </category>
    <category name="Level-Mechanismen - Interaktives">
      <attach sprite="339"/> <!-- Moving Pipe Up -->
      <attach sprite="353"/> <!-- Moving Pipe Down -->
      <attach sprite="227"/> <!-- Pipe Cannon -->
      <attach sprite="127-128"/> <!-- Chain Link Flip -->
      <attach sprite="376"/> <!-- Moving Chain Link -->
	<attach sprite="448"/> <!-- Chain Link Blocker -->
      <attach sprite="266"/> <!-- Chain Wheel -->
      <attach sprite="330"/> <!-- Ladder -->
	<attach sprite="437"/> <!-- Purple Pole -->
	<attach sprite="440"/> <!-- Rope -->
	<attach sprite="464"/> <!-- Vine/Chain -->
	<attach sprite="444"/> <!-- Vine2 -->
      <attach sprite="242"/> <!-- Ledge Bar -->
	<attach sprite="171"/> <!-- Bubble Item -->
    </category>
    <category name="Ereignis-Mechanismen">
      <attach sprite="191"/> <!-- Tile God -->
	<attach sprite="32"/> <!-- StarCoin -->
      <attach sprite="155"/> <!-- Line StarCoin -->
      <attach sprite="389"/> <!-- Bolt StarCoin -->
      <attach sprite="156"/> <!-- Red Coin Ring -->
	<attach sprite="40-42"/> <!-- Switch -->
      <attach sprite="153"/> <!-- Switch -->
	<attach sprite="478-479"/> <!-- Bowser Switches -->
	<attach sprite="77"/> <!-- AirshipKey -->
    </category>
    <category name="Mini-Mario">
      <attach sprite="416"/> <!-- Invis 1-Up -->
	<attach sprite="186"/> <!-- Mini-Mario Collision Switch -->
    </category>
    <category name="Yoshi funktioniert nicht sehr gut mit:">
	<attach sprite="138"/> <!-- Water -->
	<attach sprite="216"/> <!-- Acid -->
	<attach sprite="139"/> <!-- Lava -->
	<attach sprite="342"/> <!-- Muncher -->
	<attach sprite="369"/> <!-- Penguin -->
	<attach sprite="384"/> <!-- Penguin Gen-->
	<attach sprite="240"/> <!-- Giant Wiggler -->
	<attach sprite="230"/> <!-- Bramball -->
	<attach sprite="232"/> <!-- Mecha-Koopa -->
	<attach sprite="47-48"/> <!-- Thwomp -->
	<attach sprite="301"/> <!-- Big 4 Cannon -->
	<attach sprite="379-380"/> <!-- side pipes -->
	<attach sprite="355"/> <!-- Pipe Hill -->
	<attach sprite="360"/> <!-- Pipes Hill -->
      <attach sprite="227"/> <!-- Pipe Cannon -->
      <attach sprite="242"/> <!-- Ledge Bar -->
	<attach sprite="472-473"/> <!-- Ice Flows -->
	<attach sprite="475"/> <!-- Path Ice Flow -->
	<attach sprite="311"/> <!-- Giant Icicle -->
	<attach sprite="133"/> <!-- Teetering Stalagmite -->
	<attach sprite="297"/> <!-- Dragon Coaster -->
	<attach sprite="135"/> <!-- Hanging Chain Platform -->
	<attach sprite="295"/> <!-- Nut Platform -->
	<attach sprite="173"/> <!-- Giant Log -->
	<attach sprite="145"/> <!-- Floating Barrel -->
      <attach sprite="127-128"/> <!-- Chain Link Flip -->
      <attach sprite="376"/> <!-- Moving Chain Link -->
      <attach sprite="266"/> <!-- Chain Wheel -->
      <attach sprite="330"/> <!-- Ladder -->
	<attach sprite="437"/> <!-- Purple Pole -->
	<attach sprite="440"/> <!-- Rope -->
	<attach sprite="464"/> <!-- Vine/Chain -->
	<attach sprite="444"/> <!-- Vine2 -->
	<attach sprite="78"/> <!-- Cloud Trampoline -->
	<attach sprite="203"/> <!-- Chest -->
	<attach sprite="185"/> <!-- Toad Balloon -->
	<attach sprite="392"/> <!-- coloured Fire -->
	<attach sprite="449"/> <!-- Bowser Fire -->
	<attach sprite="478-479"/> <!-- Final Boss Switches -->
      <attach sprite="182"/> <!-- Event Door -->
      <attach sprite="259"/> <!-- Door -->
      <attach sprite="276"/> <!-- Ghost Door -->
      <attach sprite="421"/> <!-- Fake Ghost Door --> 
      <attach sprite="277-278"/> <!-- Doors -->
	<attach sprite="452"/> <!-- Bowser Door -->
	<attach sprite="38"/> <!-- IF Event -->
	<attach sprite="394"/> <!-- Lemmy Ball -->
	<attach sprite="413"/> <!-- Wendy Ring -->
	<attach sprite="363"/> <!-- Tower Bosses -->
	<attach sprite="407"/> <!-- Cutscene Boss -->
	<attach sprite="189"/> <!-- Larry -->
	<attach sprite="192"/> <!-- Larry Controller -->
	<attach sprite="347"/> <!-- Roy -->
	<attach sprite="364"/> <!-- Roy Controller -->
	<attach sprite="340"/> <!-- Lemmy -->
	<attach sprite="381"/> <!-- Lemmy Controller -->
	<attach sprite="336"/> <!-- Wendy -->
	<attach sprite="375"/> <!-- Wendy Controller -->
	<attach sprite="337"/> <!-- Iggy -->
	<attach sprite="372"/> <!-- Iggy Controller -->
	<attach sprite="344"/> <!-- Morton -->
	<attach sprite="349"/> <!-- Morton Controller -->
	<attach sprite="348"/> <!-- Ludwig -->
	<attach sprite="365"/> <!-- Ludwig Controller -->
	<attach sprite="427"/> <!-- Kamek -->
	<attach sprite="383"/> <!-- Kamek Fight -->
	<attach sprite="211"/> <!-- Bowser Jr. 1 -->
	<attach sprite="405-406"/> <!-- Bowser Jr. 2 + 3 -->
	<attach sprite="409"/> <!-- Bowser Jr. Cutscene -->
	<attach sprite="419"/> <!-- Bowser -->
	<attach sprite="431"/> <!-- Final Fight Controller -->
    </category>
  </view>
  <view name="Ereignisse">
    <category name="Haupts&#228;chliche Ereignisregler">
	<attach sprite="33-39"/> <!-- All Event Dealies -->
    </category>
    <category name="Schalter und andere Ausl&#246;ser">
	<attach sprite="40-45"/> <!-- Main Switches -->
      <attach sprite="153"/> <!-- Switch -->
	<attach sprite="478-479"/> <!-- Bowser Switches -->
	<attach sprite="91"/> <!-- Auto Scroller -->
	<attach sprite="32"/> <!-- StarCoin -->
      <attach sprite="155"/> <!-- Line StarCoin -->
      <attach sprite="389"/> <!-- Bolt StarCoin -->
      <attach sprite="156"/> <!-- Red Coin Ring -->
      <attach sprite="252"/> <!-- Odd Block -->
      <attach sprite="367"/> <!-- Line Pink Block -->
    </category>
    <category name="ereignisabh&#228;ngige Elemente">
	<attach sprite="40-45"/> <!-- Switch -->
      <attach sprite="153"/> <!-- Switch -->
	<attach sprite="478-479"/> <!-- Bowser Switches -->
      <attach sprite="191"/> <!-- Tile God -->
      <attach sprite="179"/> <!-- Special Exit -->
	<attach sprite="91"/> <!-- Auto Scroller -->
	<attach sprite="149"/> <!-- Spinner -->
      <attach sprite="260"/> <!-- Two-Way -->
      <attach sprite="144"/> <!-- Red Coin -->
      <attach sprite="182"/> <!-- Event Door -->
      <attach sprite="259"/> <!-- Door -->
      <attach sprite="276-278"/> <!-- Doors -->
	<attach sprite="452"/> <!-- Bowser Door -->
      <attach sprite="395"/> <!-- Cheep-Chase Stop -->
      <attach sprite="305"/> <!-- Light Circle -->
      <attach sprite="420"/> <!-- Giant Glow Block -->
      <attach sprite="368"/> <!-- Nice Boat's Light -->
      <attach sprite="138"/> <!-- Water -->
      <attach sprite="216"/> <!-- Poison Water -->
      <attach sprite="139"/> <!-- Lava -->
	<attach sprite="23"/> <!-- HMove -->
	<attach sprite="31"/> <!-- VMove -->
      <attach sprite="122"/> <!-- 1-Way -->
      <attach sprite="129"/> <!-- 4Plat -->
      <attach sprite="106"/> <!-- Line Plat -->
      <attach sprite="178"/> <!-- Scale -->
	<attach sprite="27-28"/> <!-- NDS Stone Block -->
      <attach sprite="356"/> <!-- Brown Tower -->
	<attach sprite="30"/> <!-- Stone Tower -->
	<attach sprite="81-86"/> <!-- Stone Tower Spiked -->
    </category>
  </view>
  <view name="Kamera, Licht, Effekte und Film">
    <category name="Bossgegnerregler und Zwischensequenzen">
      <attach sprite="363"/> <!-- Tower Boss -->
      <attach sprite="407"/> <!-- Boss Castle Cutscene -->
      <attach sprite="192"/> <!-- Larry Boss -->
      <attach sprite="415"/> <!-- Larry Boss2 -->
      <attach sprite="364"/> <!-- Roy Boss -->
      <attach sprite="381"/> <!-- Lemmy Boss -->
      <attach sprite="375"/> <!-- Wendy Boss -->
      <attach sprite="372"/> <!-- Iggy Boss -->
      <attach sprite="349"/> <!-- Morton Boss -->
      <attach sprite="365"/> <!-- Ludwig Boss -->
      <attach sprite="383"/> <!-- Kamek Boss -->
      <attach sprite="211"/> <!-- Jr 1st Boss -->
      <attach sprite="405"/> <!-- Jr 2nd Boss -->
      <attach sprite="406"/> <!-- Jr 3rd Boss -->
      <attach sprite="408"/> <!-- Jr Castle Cutscene -->
      <attach sprite="408"/> <!-- Jr Ship Cutscene -->
	<attach sprite="482"/> <!-- Final Boss BG Effects -->
	<attach sprite="431"/> <!-- Final Boss -->
	<attach sprite="468"/> <!-- Credits -->
    </category>
    <category name="Finaler Kampf">
	<attach sprite="139"/> <!-- Lava -->
	<attach sprite="358"/> <!-- Lava Particles -->
	<attach sprite="482"/> <!-- Fight BG -->
	<attach sprite="436"/> <!-- Center BG -->
	<attach sprite="431"/> <!-- Final Fight -->
	<attach sprite="456"/> <!-- Final Bowser Bridge -->
	<attach sprite="478-479"/> <!-- switches -->
	<attach sprite="449"/> <!-- Bowser Fire -->
	<attach sprite="419"/> <!-- BOWSER itself! -->
	<attach sprite="439"/> <!-- Fake Peach -->
	<attach sprite="445"/> <!-- Real Peach -->
	<attach sprite="452"/> <!-- Boss Door -->
	<attach sprite="31"/> <!-- Vplat -->
	<attach sprite="23"/> <!-- Hplat -->
	<attach sprite="122"/> <!-- 1-way plat -->
    </category>
    <category name="Kamera/scrollzusammenh&#228;ngend">
	<attach sprite="162-165"/> <!-- Border Related -->
	<attach sprite="248-249"/> <!-- Border Related2 -->
	<attach sprite="206"/> <!-- Zoom -->
	<attach sprite="436"/> <!-- Background Something -->
        <attach sprite="91"/> <!-- Auto Scroller -->
    </category>
    <category name="leuchtend">
      <attach sprite="359"/> <!-- Lamp -->
	<attach sprite="447"/> <!-- Underwater Lamp -->
      <attach sprite="305"/> <!-- Light Circle -->
      <attach sprite="306"/> <!-- Spotlight -->
      <attach sprite="391"/> <!-- Glow Block -->
      <attach sprite="420"/> <!-- Giant Glow Block -->
      <attach sprite="368"/> <!-- Flashlight Boat -->
      <attach sprite="158"/> <!-- Fire Snake -->
      <attach sprite="233"/> <!-- Bulber -->
      <attach sprite="258"/> <!-- Bulber Spawn -->
	<attach sprite="425"/> <!-- Jellybeam -->
      <attach sprite="62"/> <!-- Fire Bar -->
    </category>
    <category name="Effekte, Physik und Natur">
	<attach sprite="110"/> <!-- Sunlight -->
	<attach sprite="463"/> <!-- Glare -->
	<attach sprite="399"/> <!-- Rocking -->
	<attach sprite="374"/> <!-- Snow/Wind -->
	<attach sprite="358"/> <!-- Lava Particle -->
	<attach sprite="314"/> <!-- Luftblasen -->
	<attach sprite="465"/> <!-- Sound Effects -->
	<attach sprite="138-139"/> <!-- Water, Lava -->
	<attach sprite="216"/> <!-- Acid -->
	<attach sprite="234"/> <!-- Cloud Area -->
	<attach sprite="446"/> <!-- Light Cloud Area -->
	<attach sprite="64"/> <!-- Outdoor Fog -->
	<attach sprite="435"/> <!-- Ghost Cloud -->
	<attach sprite="90"/> <!-- Wind Physics -->
    </category>
  </view>
  <view name="Bonus, Beta und Regler">
    <category name="Extras und Bonus-Zeug">
	<attach sprite="454"/> <!-- Ambush - Controller -->
      <attach sprite="185"/> <!-- Ambush - Balloon -->
      <attach sprite="203"/> <!-- Toad - Chest -->
	<attach sprite="432"/> <!-- Toad - Toad -->
      <attach sprite="429"/> <!-- Toad - Cannon Minigame -->
      <attach sprite="202"/> <!-- Toad - Cannon -->
      <attach sprite="411"/> <!-- Toad - Balloon1 -->
      <attach sprite="412"/> <!-- Toad - Balloon2 -->
	<attach sprite="430"/> <!-- Toad - Item Minigame -->
	<attach sprite="428"/> <!-- Toad - Flip Panels -->
	<attach sprite="434"/> <!-- Warp - Cannon -->
	<attach sprite="443"/> <!-- Hint - Super Vid -->
	<attach sprite="442"/> <!-- Hint - Super Vid Controller -->
	<attach sprite="477"/> <!-- Super Guide Block - Cuz You Suck -->
	<attach sprite="468"/> <!-- Credits -->
    </category>
    <category name="verschiedene Regler">
	<attach sprite="317"/> <!-- Bubbles -->
	<attach sprite="474"/> <!-- Dancing Coins -->
	<attach sprite="179"/> <!-- Special Exit -->
	<attach sprite="465"/> <!-- Sound Effects -->
	<attach sprite="459"/> <!-- Crowd Clapper1 -->
	<attach sprite="461"/> <!-- Crowd Clapper2 -->
	<attach sprite="312"/> <!-- Streching Sync -->
	<attach sprite="328-329"/> <!-- Bubble Cannon -->
	<attach sprite="315"/> <!-- Bolt -->
    </category>
    <category name="doppelt/&#228;hnlich">
	<attach sprite="205"/> <!-- Giant Water Bubbles -->
	<attach sprite="226"/>
	<attach sprite="51"/> <!-- Tilt Girders -->
	<attach sprite="190"/>
	<attach sprite="132"/> <!-- Test Lifts -->
	<attach sprite="160"/>
	<attach sprite="97"/> <!-- Rotation Beta Lift -->
	<attach sprite="107"/>
	<attach sprite="207-208"/> <!-- ?-Block -->
	<attach sprite="221"/> <!-- invisible Block -->
	<attach sprite="218"/>
	<attach sprite="147"/> <!-- floating coins -->
	<attach sprite="225"/>
	<attach sprite="40"/> <!-- ?-Switch -->
	<attach sprite="153"/>
	<attach sprite="478"/> <!-- !-Switch -->
	<attach sprite="42"/>
	<attach sprite="257"/> <!-- Lava Iron Blocks -->
	<attach sprite="466"/>
	<attach sprite="117"/> <!-- Flame Cannons -->
	<attach sprite="309"/>
	<attach sprite="464"/> <!-- Vines -->
	<attach sprite="444"/>
	<attach sprite="412"/> <!-- MG Balloons -->
	<attach sprite="411"/>
	<attach sprite="276"/> <!-- Ghost Doors -->
	<attach sprite="421"/>
	<attach sprite="138"/> <!-- Water -->
	<attach sprite="285"/>
	<attach sprite="115-116"/> <!-- Cheep-Cheeps -->
	<attach sprite="95"/> <!-- Hammer Bros. -->
	<attach sprite="308"/>
	<attach sprite="141"/> <!-- Right Spike Pillar -->
	<attach sprite="398"/>
	<attach sprite="142"/> <!-- Left Spike Pillar -->
	<attach sprite="400"/>
	<attach sprite="189"/> <!-- Larry -->
	<attach sprite="415"/>
	<attach sprite="459"/> <!-- Crowd Clappers -->
	<attach sprite="461"/>
	<attach sprite="162"/> <!-- Scroll limit rEdge -->
	<attach sprite="164"/>
	<attach sprite="163"/> <!-- Scroll limit lEdge -->
	<attach sprite="165"/>
	<attach sprite="0-9"/> <!-- Mario Clones -->
    </category>
    <category name="Unbenutztes - testbar (numerisch geordnet)">
	<attach sprite="0-9"/>
	<attach sprite="27-28"/>
	<attach sprite="30"/>
	<attach sprite="36"/>
	<attach sprite="42"/>
	<attach sprite="45"/>
	<attach sprite="49"/>
	<attach sprite="52"/>
	<attach sprite="55"/>
	<attach sprite="77"/>
	<attach sprite="81-87"/>
	<attach sprite="97"/>
	<attach sprite="107-108"/>
	<attach sprite="116"/>
	<attach sprite="123"/>
	<attach sprite="132"/>
	<attach sprite="143"/>
	<attach sprite="150"/>
	<attach sprite="153"/>
	<attach sprite="157"/>
	<attach sprite="160"/>
	<attach sprite="164-165"/>
	<attach sprite="171"/>
	<attach sprite="174"/>
	<attach sprite="184"/>
	<attach sprite="190"/>
	<attach sprite="208"/>
	<attach sprite="222"/>
	<attach sprite="225-226"/>
	<attach sprite="243"/>
	<attach sprite="247"/>
	<attach sprite="254"/>
	<attach sprite="261"/>
	<attach sprite="285"/>
	<attach sprite="287-288"/>
	<attach sprite="294"/>
	<attach sprite="296"/>
	<attach sprite="305"/>
	<attach sprite="319-321"/>
	<attach sprite="328-329"/>
	<attach sprite="352"/>
	<attach sprite="411"/>
	<attach sprite="415"/>
	<attach sprite="417"/>
	<attach sprite="421"/>
	<attach sprite="423"/>
	<attach sprite="444"/>
	<attach sprite="481"/>
    </category>
    <category name="Unbenutztes - fehlerhaft (numerisch geordnet)">
	<attach sprite="0-9"/>
	<attach sprite="27-28"/>
	<attach sprite="190"/>
	<attach sprite="222"/>
	<attach sprite="243"/>
	<attach sprite="319-321"/>
	<attach sprite="328-329"/>
	<attach sprite="415"/>
    </category>
    <category name="absturzgef&#228;hrdet (numerisch geordnet)">
	<attach sprite="0-9"/> <!-- the 'clones' -->
	<attach sprite="121"/> <!-- En_Reverse -->
	<attach sprite="138-139"/> <!-- Water/Lava -->
	<attach sprite="147"/> <!-- Coin -->
	<attach sprite="153"/> <!-- ?-Switch2 -->
	<attach sprite="166"/> <!-- Block Train -->
	<attach sprite="171"/> <!-- Bubble Item -->
	<attach sprite="203"/> <!-- Chest -->
	<attach sprite="216"/> <!-- Acid -->
	<attach sprite="235"/> <!-- Jumbo Ray Controller -->
	<attach sprite="289"/> <!-- Box Gen -->
	<attach sprite="363"/> <!-- Tower Battle -->
	<attach sprite="479"/> <!-- Last Bowser Switch -->
	<attach sprite="481"/> <!-- Final Battle Rubble Block -->
	<attach sprite="482"/> <!-- Final Battle BG Effects -->
    </category>
    <category name="keine Benutzungsm&#246;glichkeit, keine Wirkung (numerisch geordnet)">
	<attach sprite="10-19"/> <!-- ??? -->
	<attach sprite="22"/>
	<attach sprite="167-168"/>
	<attach sprite="169"/>
	<attach sprite="239"/>
	<attach sprite="241"/>
	<attach sprite="244-246"/>
	<attach sprite="250-251"/>
	<attach sprite="273"/>
	<attach sprite="290"/>
	<attach sprite="282-283"/>
	<attach sprite="302"/>
	<attach sprite="332"/>
    </category>
    <category name="kein Code (numerisch geordnet)">
	<attach sprite="79"/>
	<attach sprite="88-89"/>
	<attach sprite="152"/>
	<attach sprite="213"/>
	<attach sprite="279"/>
	<attach sprite="322"/>
	<attach sprite="324"/>
	<attach sprite="350-351"/>
	<attach sprite="410"/>
    </category>
    <category name="vergr&#246;&#223;erbare Elemente [N]">
	<!-- Koopa -->
	<!-- Gumba -->
	<!-- Pirahna Plants -->
	<!-- Spring -->
	<!-- Boos -->
	<!-- req: Cheep-Cheep -->
	<!-- req: Bramball -->
	<!-- req: Clamp -->
	<!-- req: Bros. -->
	<!-- Koopa -->
    </category>
    <category name="beinhalten Newers ASM-Hacks">
	<!-- Spike -->
    </category>
    <category name="Newers selbstgemachte Elemente">
	<!-- Angry Sun -->
	<!-- Event Block -->
	<!-- Rotation Bone Platform -->
	<!-- ??? -->
    </category>
  </view>
  <view name="geordnet nach Nummer">
    <category name="Element 0-99">
      <attach sprite="0-99"/>
    </category>
    <category name="Element 100-199">
      <attach sprite="100-199"/>
    </category>
    <category name="Element 200-299">
      <attach sprite="200-299"/>
    </category>
    <category name="Element 300-399">
      <attach sprite="300-399"/>
    </category>
    <category name="Element 400-482">
      <attach sprite="400-482"/>
    </category>
  </view>
</views>